Target Account,Following Username
nayeli.nxx,feid
nayeli.nxx,ricardo_4v0
nayeli.nxx,jonathancruzjc7
nayeli.nxx,efimeroescrito
nayeli.nxx,luckra
nayeli.nxx,drewraytanner
nayeli.nxx,alerivadeneyra
nayeli.nxx,gonzaloplata
nayeli.nxx,vivian.juliethh
nayeli.nxx,kendrypaez.10
nayeli.nxx,pcorcino
nayeli.nxx,thedonato
nayeli.nxx,bigsotorius
nayeli.nxx,mateo.balseca
nayeli.nxx,barbie.pvmx
nayeli.nxx,jhoanlopez
nayeli.nxx,moises_caicedo55
nayeli.nxx,anahi_maybet
nayeli.nxx,willsmith
nayeli.nxx,jimena.jimenezr
nayeli.nxx,xavioficial
nayeli.nxx,papayadada
nayeli.nxx,michaelbjordan
nayeli.nxx,adele
nayeli.nxx,latriecu
nayeli.nxx,jeabello
nayeli.nxx,soymajoreina
nayeli.nxx,domelipa
nayeli.nxx,karolg
nayeli.nxx,danielarayo1
nayeli.nxx,malexaleon
nayeli.nxx,jbalvin
nayeli.nxx,nexargomez
nayeli.nxx,kleber_geo
nayeli.nxx,dfhn.8
nayeli.nxx,netflixes
nayeli.nxx,donomar
nayeli.nxx,danieljaller
nayeli.nxx,amadorat
nayeli.nxx,chefcarosanchez
nayeli.nxx,kevin.r_18
nayeli.nxx,leomessi
nayeli.nxx,natashanazario
nayeli.nxx,lennytavarez
nayeli.nxx,lalobrito
nayeli.nxx,alexander_dominguez_22
nayeli.nxx,sebastianosmer
nayeli.nxx,antoniovalencia2525
nayeli.nxx,el_suave_cito
nayeli.nxx,libardoisaza
nayeli.nxx,marilyn_jarrin
nayeli.nxx,maybet.x
nayeli.nxx,av25clubdeportivo
nayeli.nxx,camimendes
nayeli.nxx,itzan.escamilla
nayeli.nxx,juandediospantoja
nayeli.nxx,elcomerciocom
nayeli.nxx,edumarurip
nayeli.nxx,ester_exposito
nayeli.nxx,_rauwalejandro___
nayeli.nxx,taylorlautner
nayeli.nxx,soycintiacossio
nayeli.nxx,willevy
nayeli.nxx,_miily_n_
nayeli.nxx,f07._._
nayeli.nxx,jeami_05
nayeli.nxx,sebastianmartinezn
nayeli.nxx,faisirrito
nayeli.nxx,cristhian_noboa
nayeli.nxx,dayana_1630
nayeli.nxx,danilocarrerah
nayeli.nxx,kimshantal
nayeli.nxx,samuellopez
nayeli.nxx,alexvizuete
nayeli.nxx,romeosantos
nayeli.nxx,mont.pantoja
nayeli.nxx,jennmuriel
nayeli.nxx,mispastelitos
nayeli.nxx,karelii.24
nayeli.nxx,sofiaalcastro
nayeli.nxx,santialarconu
nayeli.nxx,angelito_mena_
nayeli.nxx,jeeniiu
nayeli.nxx,escritodefrases
nayeli.nxx,yosoydorawest
nayeli.nxx,joseandrescaballero
nayeli.nxx,ashleeyramireez
nayeli.nxx,faarontavarez
nayeli.nxx,kevlexd
nayeli.nxx,dgocardenas
nayeli.nxx,charlotte.food.drink
nayeli.nxx,melymel
nayeli.nxx,vkarauz
nayeli.nxx,profediego_ec
nayeli.nxx,gabydiazaragon
nayeli.nxx,carlosbaezcarvajal
nayeli.nxx,claseslivecom
nayeli.nxx,alexx_andy3216
nayeli.nxx,aventura
nayeli.nxx,dayanaraoficial
nayeli.nxx,mariajoserayo1
nayeli.nxx,ceciliacascante
nayeli.nxx,ale.digitaal
nayeli.nxx,mundo.s.a_oficial
nayeli.nxx,flor_mpalomeque
nayeli.nxx,giulianaenriquezp
nayeli.nxx,elizviajera
nayeli.nxx,miree_lrp_
nayeli.nxx,natalymishu
nayeli.nxx,celestepame_peke
